<application>
  <component name="FileTypeManager" version="17">
    <extensionMap>
      <mapping ext="setup" type="JSON" />
      <mapping pattern="artisan" type="PHP" />
      <mapping pattern="docker/Dockerfile" type="PLAIN_TEXT" />
      <mapping pattern="410/6lv" type="PLAIN_TEXT" />
      <mapping pattern="phpunit" type="PLAIN_TEXT" />
      <mapping pattern="a" type="PLAIN_TEXT" />
      <mapping ext="ttf" type="PLAIN_TEXT" />
      <mapping ext="fact" type="PLAIN_TEXT" />
      <mapping ext="sms4" type="PLAIN_TEXT" />
      <mapping ext="list" type="PLAIN_TEXT" />
      <mapping ext="data" type="PLAIN_TEXT" />
      <mapping ext="git" type="PLAIN_TEXT" />
      <mapping ext="class" type="PLAIN_TEXT" />
      <mapping ext="bin" type="PLAIN_TEXT" />
      <mapping ext="shell" type="PLAIN_TEXT" />
      <mapping ext="gitn" type="PLAIN_TEXT" />
      <mapping ext="tmp" type="PLAIN_TEXT" />
      <mapping ext="git1" type="PLAIN_TEXT" />
      <mapping ext="key" type="PLAIN_TEXT" />
      <mapping ext="2" type="PLAIN_TEXT" />
      <removed_mapping ext="cmd" approved="true" type="PLAIN_TEXT" />
      <removed_mapping ext="bat" approved="true" type="PLAIN_TEXT" />
      <mapping ext="j2" type="Twig" />
      <mapping pattern="f2" type="XML" />
      <removed_mapping ext="bat" approved="true" type="PLAIN_TEXT" />
      <removed_mapping ext="log" approved="true" type="PLAIN_TEXT" />
      <removed_mapping ext="dockerfile" approved="true" type="textmate" />
      <removed_mapping ext="makefile" approved="true" type="textmate" />
      <removed_mapping ext="cmd" approved="true" type="PLAIN_TEXT" />
      <removed_mapping ext="snakefile" approved="true" type="textmate" />
    </extensionMap>
  </component>
</application>