<application>
  <component name="MessDetector">
    <phpmd_settings_migrated />
  </component>
  <component name="PhpCodeSniffer">
    <phpcs_settings_migrated />
  </component>
  <component name="PhpInterpreters">
    <interpreters>
      <interpreter id="1ae3330b-b979-47d3-aa86-ec801254b558" name="PHP 7.3" home="D:\devapps\xampp-php7-64\php\php.exe" debugger_id="php.debugger.XDebug" />
    </interpreters>
  </component>
  <component name="PhpInterpretersPhpInfoCache">
    <phpInfoCache>
      <interpreter name="PHP 7.3">
        <phpinfo binary_type="PHP" php_cgi="D:\devapps\xampp-php7-64\php\php-cgi.exe" php_cli="D:\devapps\xampp-php7-64\php\php.exe" path_separator=";" version="7.3.6">
          <additional_php_ini />
          <configuration_file>D:\devapps\xampp-php7-64\php\php.ini</configuration_file>
          <configuration_options>
            <configuration_option name="include_path" value="D:\devapps\xampp-php7-64\php\PEAR" />
          </configuration_options>
          <debuggers>
            <debugger_info debugger="xdebug" debugger_version="2.7.2">
              <debug_extensions />
            </debugger_info>
          </debuggers>
          <loaded_extensions>
            <extension name="Core" />
            <extension name="PDO" />
            <extension name="Phar" />
            <extension name="Reflection" />
            <extension name="SPL" />
            <extension name="SimpleXML" />
            <extension name="bcmath" />
            <extension name="bz2" />
            <extension name="calendar" />
            <extension name="ctype" />
            <extension name="curl" />
            <extension name="date" />
            <extension name="dom" />
            <extension name="exif" />
            <extension name="fileinfo" />
            <extension name="filter" />
            <extension name="ftp" />
            <extension name="gd" />
            <extension name="gettext" />
            <extension name="hash" />
            <extension name="iconv" />
            <extension name="intl" />
            <extension name="json" />
            <extension name="libxml" />
            <extension name="mbstring" />
            <extension name="mysqli" />
            <extension name="mysqlnd" />
            <extension name="openssl" />
            <extension name="pcre" />
            <extension name="pdo_mysql" />
            <extension name="pdo_sqlite" />
            <extension name="readline" />
            <extension name="redis" />
            <extension name="session" />
            <extension name="sockets" />
            <extension name="standard" />
            <extension name="tokenizer" />
            <extension name="wddx" />
            <extension name="xdebug" />
            <extension name="xml" />
            <extension name="xmlreader" />
            <extension name="xmlwriter" />
            <extension name="zip" />
            <extension name="zlib" />
          </loaded_extensions>
        </phpinfo>
      </interpreter>
    </phpInfoCache>
  </component>
</application>