<application>
  <component name="libraryTable">
    <library name="apache-log4j-2.13">
      <CLASSES>
        <root url="jar://D:/devapps/jars/apache-log4j-2.13.1-bin/log4j-api-2.13.1.jar!/" />
        <root url="jar://D:/devapps/jars/apache-log4j-2.13.1-bin/log4j-core-2.13.1-tests.jar!/" />
        <root url="jar://D:/devapps/jars/apache-log4j-2.13.1-bin/log4j-core-2.13.1.jar!/" />
        <root url="jar://D:/devapps/jars/apache-log4j-2.13.1-bin/log4j-slf4j-impl-2.13.1.jar!/" />
        <root url="jar://D:/devapps/jars/apache-log4j-2.13.1-bin/log4j-slf4j18-impl-2.13.1.jar!/" />
      </CLASSES>
      <JAVADOC>
        <root url="jar://D:/devapps/jars/apache-log4j-2.13.1-bin/log4j-1.2-api-2.13.1-javadoc.jar!/" />
        <root url="jar://D:/devapps/jars/apache-log4j-2.13.1-bin/log4j-api-2.13.1-javadoc.jar!/" />
        <root url="jar://D:/devapps/jars/apache-log4j-2.13.1-bin/log4j-appserver-2.13.1-javadoc.jar!/" />
        <root url="jar://D:/devapps/jars/apache-log4j-2.13.1-bin/log4j-cassandra-2.13.1-javadoc.jar!/" />
        <root url="jar://D:/devapps/jars/apache-log4j-2.13.1-bin/log4j-core-2.13.1-javadoc.jar!/" />
        <root url="jar://D:/devapps/jars/apache-log4j-2.13.1-bin/log4j-couchdb-2.13.1-javadoc.jar!/" />
        <root url="jar://D:/devapps/jars/apache-log4j-2.13.1-bin/log4j-docker-2.13.1-javadoc.jar!/" />
        <root url="jar://D:/devapps/jars/apache-log4j-2.13.1-bin/log4j-flume-ng-2.13.1-javadoc.jar!/" />
        <root url="jar://D:/devapps/jars/apache-log4j-2.13.1-bin/log4j-iostreams-2.13.1-javadoc.jar!/" />
        <root url="jar://D:/devapps/jars/apache-log4j-2.13.1-bin/log4j-jcl-2.13.1-javadoc.jar!/" />
        <root url="jar://D:/devapps/jars/apache-log4j-2.13.1-bin/log4j-jdbc-dbcp2-2.13.1-javadoc.jar!/" />
        <root url="jar://D:/devapps/jars/apache-log4j-2.13.1-bin/log4j-jmx-gui-2.13.1-javadoc.jar!/" />
        <root url="jar://D:/devapps/jars/apache-log4j-2.13.1-bin/log4j-jpa-2.13.1-javadoc.jar!/" />
        <root url="jar://D:/devapps/jars/apache-log4j-2.13.1-bin/log4j-jul-2.13.1-javadoc.jar!/" />
        <root url="jar://D:/devapps/jars/apache-log4j-2.13.1-bin/log4j-liquibase-2.13.1-javadoc.jar!/" />
        <root url="jar://D:/devapps/jars/apache-log4j-2.13.1-bin/log4j-mongodb2-2.13.1-javadoc.jar!/" />
        <root url="jar://D:/devapps/jars/apache-log4j-2.13.1-bin/log4j-mongodb3-2.13.1-javadoc.jar!/" />
        <root url="jar://D:/devapps/jars/apache-log4j-2.13.1-bin/log4j-slf4j-impl-2.13.1-javadoc.jar!/" />
        <root url="jar://D:/devapps/jars/apache-log4j-2.13.1-bin/log4j-slf4j18-impl-2.13.1-javadoc.jar!/" />
        <root url="jar://D:/devapps/jars/apache-log4j-2.13.1-bin/log4j-spring-cloud-config-client-2.13.1-javadoc.jar!/" />
        <root url="jar://D:/devapps/jars/apache-log4j-2.13.1-bin/log4j-taglib-2.13.1-javadoc.jar!/" />
        <root url="jar://D:/devapps/jars/apache-log4j-2.13.1-bin/log4j-to-slf4j-2.13.1-javadoc.jar!/" />
        <root url="jar://D:/devapps/jars/apache-log4j-2.13.1-bin/log4j-web-2.13.1-javadoc.jar!/" />
      </JAVADOC>
      <SOURCES>
        <root url="jar://D:/devapps/jars/apache-log4j-2.13.1-bin/log4j-1.2-api-2.13.1-sources.jar!/" />
        <root url="jar://D:/devapps/jars/apache-log4j-2.13.1-bin/log4j-api-2.13.1-sources.jar!/" />
        <root url="jar://D:/devapps/jars/apache-log4j-2.13.1-bin/log4j-appserver-2.13.1-sources.jar!/" />
        <root url="jar://D:/devapps/jars/apache-log4j-2.13.1-bin/log4j-cassandra-2.13.1-sources.jar!/" />
        <root url="jar://D:/devapps/jars/apache-log4j-2.13.1-bin/log4j-core-2.13.1-sources.jar!/" />
        <root url="jar://D:/devapps/jars/apache-log4j-2.13.1-bin/log4j-couchdb-2.13.1-sources.jar!/" />
        <root url="jar://D:/devapps/jars/apache-log4j-2.13.1-bin/log4j-docker-2.13.1-sources.jar!/" />
        <root url="jar://D:/devapps/jars/apache-log4j-2.13.1-bin/log4j-flume-ng-2.13.1-sources.jar!/" />
        <root url="jar://D:/devapps/jars/apache-log4j-2.13.1-bin/log4j-iostreams-2.13.1-sources.jar!/" />
        <root url="jar://D:/devapps/jars/apache-log4j-2.13.1-bin/log4j-jcl-2.13.1-sources.jar!/" />
        <root url="jar://D:/devapps/jars/apache-log4j-2.13.1-bin/log4j-jdbc-dbcp2-2.13.1-sources.jar!/" />
        <root url="jar://D:/devapps/jars/apache-log4j-2.13.1-bin/log4j-jmx-gui-2.13.1-sources.jar!/" />
        <root url="jar://D:/devapps/jars/apache-log4j-2.13.1-bin/log4j-jpa-2.13.1-sources.jar!/" />
        <root url="jar://D:/devapps/jars/apache-log4j-2.13.1-bin/log4j-jul-2.13.1-sources.jar!/" />
        <root url="jar://D:/devapps/jars/apache-log4j-2.13.1-bin/log4j-liquibase-2.13.1-sources.jar!/" />
        <root url="jar://D:/devapps/jars/apache-log4j-2.13.1-bin/log4j-mongodb2-2.13.1-sources.jar!/" />
        <root url="jar://D:/devapps/jars/apache-log4j-2.13.1-bin/log4j-mongodb3-2.13.1-sources.jar!/" />
        <root url="jar://D:/devapps/jars/apache-log4j-2.13.1-bin/log4j-slf4j-impl-2.13.1-sources.jar!/" />
        <root url="jar://D:/devapps/jars/apache-log4j-2.13.1-bin/log4j-slf4j18-impl-2.13.1-sources.jar!/" />
        <root url="jar://D:/devapps/jars/apache-log4j-2.13.1-bin/log4j-spring-cloud-config-client-2.13.1-sources.jar!/" />
        <root url="jar://D:/devapps/jars/apache-log4j-2.13.1-bin/log4j-taglib-2.13.1-sources.jar!/" />
        <root url="jar://D:/devapps/jars/apache-log4j-2.13.1-bin/log4j-to-slf4j-2.13.1-sources.jar!/" />
        <root url="jar://D:/devapps/jars/apache-log4j-2.13.1-bin/log4j-web-2.13.1-sources.jar!/" />
      </SOURCES>
    </library>
    <library name="com.alibaba:fastjson:1.2.66" type="repository">
      <properties maven-id="com.alibaba:fastjson:1.2.66" />
      <CLASSES>
        <root url="jar://$MAVEN_REPOSITORY$/com/alibaba/fastjson/1.2.66/fastjson-1.2.66.jar!/" />
      </CLASSES>
      <JAVADOC />
      <SOURCES>
        <root url="jar://$MAVEN_REPOSITORY$/com/alibaba/fastjson/1.2.66/fastjson-1.2.66-sources.jar!/" />
      </SOURCES>
    </library>
    <library name="com.fasterxml.jackson.core:jackson-databind:2.10.3" type="repository">
      <properties maven-id="com.fasterxml.jackson.core:jackson-databind:2.10.3" />
      <CLASSES>
        <root url="jar://$MAVEN_REPOSITORY$/com/fasterxml/jackson/core/jackson-databind/2.10.3/jackson-databind-2.10.3.jar!/" />
        <root url="jar://$MAVEN_REPOSITORY$/com/fasterxml/jackson/core/jackson-annotations/2.10.3/jackson-annotations-2.10.3.jar!/" />
        <root url="jar://$MAVEN_REPOSITORY$/com/fasterxml/jackson/core/jackson-core/2.10.3/jackson-core-2.10.3.jar!/" />
      </CLASSES>
      <JAVADOC />
      <SOURCES>
        <root url="jar://$MAVEN_REPOSITORY$/com/fasterxml/jackson/core/jackson-databind/2.10.3/jackson-databind-2.10.3-sources.jar!/" />
        <root url="jar://$MAVEN_REPOSITORY$/com/fasterxml/jackson/core/jackson-annotations/2.10.3/jackson-annotations-2.10.3-sources.jar!/" />
        <root url="jar://$MAVEN_REPOSITORY$/com/fasterxml/jackson/core/jackson-core/2.10.3/jackson-core-2.10.3-sources.jar!/" />
      </SOURCES>
    </library>
    <library name="com.google.code.gson:gson:2.8.6" type="repository">
      <properties maven-id="com.google.code.gson:gson:2.8.6" />
      <CLASSES>
        <root url="jar://$MAVEN_REPOSITORY$/com/google/code/gson/gson/2.8.6/gson-2.8.6.jar!/" />
      </CLASSES>
      <JAVADOC />
      <SOURCES>
        <root url="jar://$MAVEN_REPOSITORY$/com/google/code/gson/gson/2.8.6/gson-2.8.6-sources.jar!/" />
      </SOURCES>
    </library>
    <library name="javax.servlet.jsp:javax.servlet.jsp-api:2.3.3" type="repository">
      <properties maven-id="javax.servlet.jsp:javax.servlet.jsp-api:2.3.3" />
      <CLASSES>
        <root url="jar://$MAVEN_REPOSITORY$/javax/servlet/jsp/javax.servlet.jsp-api/2.3.3/javax.servlet.jsp-api-2.3.3.jar!/" />
      </CLASSES>
      <JAVADOC>
        <root url="jar://$MAVEN_REPOSITORY$/javax/servlet/jsp/javax.servlet.jsp-api/2.3.3/javax.servlet.jsp-api-2.3.3-javadoc.jar!/" />
      </JAVADOC>
      <SOURCES>
        <root url="jar://$USER_HOME$/.ideaLibSources/javax.servlet.jsp-api-2.3.3-sources.jar!/" />
      </SOURCES>
    </library>
    <library name="javax.servlet:javax.servlet-api:4.0.1" type="repository">
      <properties maven-id="javax.servlet:javax.servlet-api:4.0.1" />
      <CLASSES>
        <root url="jar://$MAVEN_REPOSITORY$/javax/servlet/javax.servlet-api/4.0.1/javax.servlet-api-4.0.1.jar!/" />
      </CLASSES>
      <JAVADOC>
        <root url="jar://$MAVEN_REPOSITORY$/javax/servlet/javax.servlet-api/4.0.1/javax.servlet-api-4.0.1-javadoc.jar!/" />
      </JAVADOC>
      <SOURCES>
        <root url="jar://$USER_HOME$/.ideaLibSources/javax.servlet-api-4.0.1-sources.jar!/" />
      </SOURCES>
    </library>
    <library name="javax.servlet:jstl:1.2" type="repository">
      <properties maven-id="javax.servlet:jstl:1.2" />
      <CLASSES>
        <root url="jar://$MAVEN_REPOSITORY$/javax/servlet/jstl/1.2/jstl-1.2.jar!/" />
      </CLASSES>
      <JAVADOC />
      <SOURCES>
        <root url="jar://$MAVEN_REPOSITORY$/javax/servlet/jstl/1.2/jstl-1.2-sources.jar!/" />
      </SOURCES>
    </library>
    <library name="junit:junit:4.13" type="repository">
      <properties maven-id="junit:junit:4.13" />
      <CLASSES>
        <root url="jar://$MAVEN_REPOSITORY$/junit/junit/4.13/junit-4.13.jar!/" />
        <root url="jar://$MAVEN_REPOSITORY$/org/hamcrest/hamcrest-core/1.3/hamcrest-core-1.3.jar!/" />
      </CLASSES>
      <JAVADOC />
      <SOURCES>
        <root url="jar://$MAVEN_REPOSITORY$/junit/junit/4.13/junit-4.13-sources.jar!/" />
        <root url="jar://$MAVEN_REPOSITORY$/org/hamcrest/hamcrest-core/1.3/hamcrest-core-1.3-sources.jar!/" />
      </SOURCES>
    </library>
    <library name="kafka">
      <CLASSES>
        <root url="file://D:/devapps/kafka_2.13-2.4.0/libs" />
      </CLASSES>
      <JAVADOC />
      <SOURCES>
        <root url="file://D:/devapps/kafka_2.13-2.4.0/libs" />
        <root url="jar://D:/devapps/kafka-2.4.0-src.zip!/kafka-2.4.0-src/kafka-2.4.0-src/clients/src/main/java" />
        <root url="jar://D:/devapps/kafka-2.4.0-src.zip!/kafka-2.4.0-src/kafka-2.4.0-src/clients/src/test/java" />
        <root url="jar://D:/devapps/kafka-2.4.0-src.zip!/kafka-2.4.0-src/kafka-2.4.0-src/connect/api/src/main/java" />
        <root url="jar://D:/devapps/kafka-2.4.0-src.zip!/kafka-2.4.0-src/kafka-2.4.0-src/connect/api/src/test/java" />
        <root url="jar://D:/devapps/kafka-2.4.0-src.zip!/kafka-2.4.0-src/kafka-2.4.0-src/connect/basic-auth-extension/src/main/java" />
        <root url="jar://D:/devapps/kafka-2.4.0-src.zip!/kafka-2.4.0-src/kafka-2.4.0-src/connect/basic-auth-extension/src/test/java" />
        <root url="jar://D:/devapps/kafka-2.4.0-src.zip!/kafka-2.4.0-src/kafka-2.4.0-src/connect/file/src/main/java" />
        <root url="jar://D:/devapps/kafka-2.4.0-src.zip!/kafka-2.4.0-src/kafka-2.4.0-src/connect/file/src/test/java" />
        <root url="jar://D:/devapps/kafka-2.4.0-src.zip!/kafka-2.4.0-src/kafka-2.4.0-src/connect/json/src/main/java" />
        <root url="jar://D:/devapps/kafka-2.4.0-src.zip!/kafka-2.4.0-src/kafka-2.4.0-src/connect/json/src/test/java" />
        <root url="jar://D:/devapps/kafka-2.4.0-src.zip!/kafka-2.4.0-src/kafka-2.4.0-src/connect/mirror-client/src/main/java" />
        <root url="jar://D:/devapps/kafka-2.4.0-src.zip!/kafka-2.4.0-src/kafka-2.4.0-src/connect/mirror-client/src/test/java" />
        <root url="jar://D:/devapps/kafka-2.4.0-src.zip!/kafka-2.4.0-src/kafka-2.4.0-src/connect/mirror/src/main/java" />
        <root url="jar://D:/devapps/kafka-2.4.0-src.zip!/kafka-2.4.0-src/kafka-2.4.0-src/connect/mirror/src/test/java" />
        <root url="jar://D:/devapps/kafka-2.4.0-src.zip!/kafka-2.4.0-src/kafka-2.4.0-src/connect/runtime/src/main/java" />
        <root url="jar://D:/devapps/kafka-2.4.0-src.zip!/kafka-2.4.0-src/kafka-2.4.0-src/connect/runtime/src/test/java" />
        <root url="jar://D:/devapps/kafka-2.4.0-src.zip!/kafka-2.4.0-src/kafka-2.4.0-src/connect/runtime/src/test/resources/test-plugins/aliased-static-field" />
        <root url="jar://D:/devapps/kafka-2.4.0-src.zip!/kafka-2.4.0-src/kafka-2.4.0-src/connect/runtime/src/test/resources/test-plugins/always-throw-exception" />
        <root url="jar://D:/devapps/kafka-2.4.0-src.zip!/kafka-2.4.0-src/kafka-2.4.0-src/connect/runtime/src/test/resources/test-plugins/sampling-config-provider" />
        <root url="jar://D:/devapps/kafka-2.4.0-src.zip!/kafka-2.4.0-src/kafka-2.4.0-src/connect/runtime/src/test/resources/test-plugins/sampling-configurable" />
        <root url="jar://D:/devapps/kafka-2.4.0-src.zip!/kafka-2.4.0-src/kafka-2.4.0-src/connect/runtime/src/test/resources/test-plugins/sampling-converter" />
        <root url="jar://D:/devapps/kafka-2.4.0-src.zip!/kafka-2.4.0-src/kafka-2.4.0-src/connect/runtime/src/test/resources/test-plugins/sampling-header-converter" />
        <root url="jar://D:/devapps/kafka-2.4.0-src.zip!/kafka-2.4.0-src/kafka-2.4.0-src/connect/runtime/src/test/resources/test-plugins/service-loader" />
        <root url="jar://D:/devapps/kafka-2.4.0-src.zip!/kafka-2.4.0-src/kafka-2.4.0-src/connect/transforms/src/main/java" />
        <root url="jar://D:/devapps/kafka-2.4.0-src.zip!/kafka-2.4.0-src/kafka-2.4.0-src/connect/transforms/src/test/java" />
        <root url="jar://D:/devapps/kafka-2.4.0-src.zip!/kafka-2.4.0-src/kafka-2.4.0-src/core/src/main/scala" />
        <root url="jar://D:/devapps/kafka-2.4.0-src.zip!/kafka-2.4.0-src/kafka-2.4.0-src/examples/src/main/java" />
        <root url="jar://D:/devapps/kafka-2.4.0-src.zip!/kafka-2.4.0-src/kafka-2.4.0-src/generator/src/main/java" />
        <root url="jar://D:/devapps/kafka-2.4.0-src.zip!/kafka-2.4.0-src/kafka-2.4.0-src/generator/src/test/java" />
        <root url="jar://D:/devapps/kafka-2.4.0-src.zip!/kafka-2.4.0-src/kafka-2.4.0-src/jmh-benchmarks/src/main/java" />
        <root url="jar://D:/devapps/kafka-2.4.0-src.zip!/kafka-2.4.0-src/kafka-2.4.0-src/log4j-appender/src/main/java" />
        <root url="jar://D:/devapps/kafka-2.4.0-src.zip!/kafka-2.4.0-src/kafka-2.4.0-src/log4j-appender/src/test/java" />
        <root url="jar://D:/devapps/kafka-2.4.0-src.zip!/kafka-2.4.0-src/kafka-2.4.0-src/streams/examples/src/main/java" />
        <root url="jar://D:/devapps/kafka-2.4.0-src.zip!/kafka-2.4.0-src/kafka-2.4.0-src/streams/examples/src/test/java" />
        <root url="jar://D:/devapps/kafka-2.4.0-src.zip!/kafka-2.4.0-src/kafka-2.4.0-src/streams/src/main/java" />
        <root url="jar://D:/devapps/kafka-2.4.0-src.zip!/kafka-2.4.0-src/kafka-2.4.0-src/streams/src/test/java" />
        <root url="jar://D:/devapps/kafka-2.4.0-src.zip!/kafka-2.4.0-src/kafka-2.4.0-src/streams/test-utils/src/main/java" />
        <root url="jar://D:/devapps/kafka-2.4.0-src.zip!/kafka-2.4.0-src/kafka-2.4.0-src/streams/test-utils/src/test/java" />
        <root url="jar://D:/devapps/kafka-2.4.0-src.zip!/kafka-2.4.0-src/kafka-2.4.0-src/streams/upgrade-system-tests-0100/src/test/java" />
        <root url="jar://D:/devapps/kafka-2.4.0-src.zip!/kafka-2.4.0-src/kafka-2.4.0-src/streams/upgrade-system-tests-0101/src/test/java" />
        <root url="jar://D:/devapps/kafka-2.4.0-src.zip!/kafka-2.4.0-src/kafka-2.4.0-src/streams/upgrade-system-tests-0102/src/test/java" />
        <root url="jar://D:/devapps/kafka-2.4.0-src.zip!/kafka-2.4.0-src/kafka-2.4.0-src/streams/upgrade-system-tests-0110/src/test/java" />
        <root url="jar://D:/devapps/kafka-2.4.0-src.zip!/kafka-2.4.0-src/kafka-2.4.0-src/streams/upgrade-system-tests-10/src/test/java" />
        <root url="jar://D:/devapps/kafka-2.4.0-src.zip!/kafka-2.4.0-src/kafka-2.4.0-src/streams/upgrade-system-tests-11/src/test/java" />
        <root url="jar://D:/devapps/kafka-2.4.0-src.zip!/kafka-2.4.0-src/kafka-2.4.0-src/streams/upgrade-system-tests-20/src/test/java" />
        <root url="jar://D:/devapps/kafka-2.4.0-src.zip!/kafka-2.4.0-src/kafka-2.4.0-src/streams/upgrade-system-tests-21/src/test/java" />
        <root url="jar://D:/devapps/kafka-2.4.0-src.zip!/kafka-2.4.0-src/kafka-2.4.0-src/streams/upgrade-system-tests-22/src/test/java" />
        <root url="jar://D:/devapps/kafka-2.4.0-src.zip!/kafka-2.4.0-src/kafka-2.4.0-src/streams/upgrade-system-tests-23/src/test/java" />
        <root url="jar://D:/devapps/kafka-2.4.0-src.zip!/kafka-2.4.0-src/kafka-2.4.0-src/tools/src/main/java" />
        <root url="jar://D:/devapps/kafka-2.4.0-src.zip!/kafka-2.4.0-src/kafka-2.4.0-src/tools/src/test/java" />
        <root url="jar://$USER_HOME$/.ideaLibSources/zookeeper-3.5.6-sources.jar!/" />
      </SOURCES>
      <excluded>
        <root url="jar://D:/devapps/kafka_2.13-2.4.0/libs/slf4j-api-1.7.28.jar!/" />
        <root url="jar://D:/devapps/kafka_2.13-2.4.0/libs/slf4j-log4j12-1.7.28.jar!/" />
      </excluded>
      <jarDirectory url="file://D:/devapps/kafka_2.13-2.4.0/libs" recursive="false" />
      <jarDirectory url="file://D:/devapps/kafka_2.13-2.4.0/libs" recursive="false" type="SOURCES" />
    </library>
    <library name="org.apache.commons:commons-dbcp2:2.7.0" type="repository">
      <properties maven-id="org.apache.commons:commons-dbcp2:2.7.0" />
      <CLASSES>
        <root url="jar://$MAVEN_REPOSITORY$/org/apache/commons/commons-dbcp2/2.7.0/commons-dbcp2-2.7.0.jar!/" />
        <root url="jar://$MAVEN_REPOSITORY$/org/apache/commons/commons-pool2/2.7.0/commons-pool2-2.7.0.jar!/" />
        <root url="jar://$MAVEN_REPOSITORY$/commons-logging/commons-logging/1.2/commons-logging-1.2.jar!/" />
      </CLASSES>
      <JAVADOC />
      <SOURCES>
        <root url="jar://$MAVEN_REPOSITORY$/org/apache/commons/commons-dbcp2/2.7.0/commons-dbcp2-2.7.0-sources.jar!/" />
        <root url="jar://$MAVEN_REPOSITORY$/org/apache/commons/commons-pool2/2.7.0/commons-pool2-2.7.0-sources.jar!/" />
        <root url="jar://$MAVEN_REPOSITORY$/commons-logging/commons-logging/1.2/commons-logging-1.2-sources.jar!/" />
      </SOURCES>
    </library>
    <library name="org.apache.kafka:kafka-clients:2.4.0" type="repository">
      <properties maven-id="org.apache.kafka:kafka-clients:2.4.0" />
      <CLASSES>
        <root url="jar://$MAVEN_REPOSITORY$/org/apache/kafka/kafka-clients/2.4.0/kafka-clients-2.4.0.jar!/" />
        <root url="jar://$MAVEN_REPOSITORY$/com/github/luben/zstd-jni/1.4.3-1/zstd-jni-1.4.3-1.jar!/" />
        <root url="jar://$MAVEN_REPOSITORY$/org/lz4/lz4-java/1.6.0/lz4-java-1.6.0.jar!/" />
        <root url="jar://$MAVEN_REPOSITORY$/org/xerial/snappy/snappy-java/1.1.7.3/snappy-java-1.1.7.3.jar!/" />
        <root url="jar://$MAVEN_REPOSITORY$/org/slf4j/slf4j-api/1.7.28/slf4j-api-1.7.28.jar!/" />
      </CLASSES>
      <JAVADOC />
      <SOURCES>
        <root url="jar://$MAVEN_REPOSITORY$/org/apache/kafka/kafka-clients/2.4.0/kafka-clients-2.4.0-sources.jar!/" />
        <root url="jar://$MAVEN_REPOSITORY$/com/github/luben/zstd-jni/1.4.3-1/zstd-jni-1.4.3-1-sources.jar!/" />
        <root url="jar://$MAVEN_REPOSITORY$/org/lz4/lz4-java/1.6.0/lz4-java-1.6.0-sources.jar!/" />
        <root url="jar://$MAVEN_REPOSITORY$/org/xerial/snappy/snappy-java/1.1.7.3/snappy-java-1.1.7.3-sources.jar!/" />
        <root url="jar://$MAVEN_REPOSITORY$/org/slf4j/slf4j-api/1.7.28/slf4j-api-1.7.28-sources.jar!/" />
      </SOURCES>
    </library>
    <library name="org.apache.logging.log4j:log4j-api:2.13.1" type="repository">
      <properties maven-id="org.apache.logging.log4j:log4j-api:2.13.1" />
      <CLASSES>
        <root url="jar://$MAVEN_REPOSITORY$/org/apache/logging/log4j/log4j-api/2.13.1/log4j-api-2.13.1.jar!/" />
      </CLASSES>
      <JAVADOC />
      <SOURCES>
        <root url="jar://$MAVEN_REPOSITORY$/org/apache/logging/log4j/log4j-api/2.13.1/log4j-api-2.13.1-sources.jar!/" />
      </SOURCES>
    </library>
    <library name="org.apache.logging.log4j:log4j-core:2.13.1" type="repository">
      <properties maven-id="org.apache.logging.log4j:log4j-core:2.13.1" />
      <CLASSES>
        <root url="jar://$MAVEN_REPOSITORY$/org/apache/logging/log4j/log4j-core/2.13.1/log4j-core-2.13.1.jar!/" />
        <root url="jar://$MAVEN_REPOSITORY$/org/apache/logging/log4j/log4j-api/2.13.1/log4j-api-2.13.1.jar!/" />
      </CLASSES>
      <JAVADOC />
      <SOURCES>
        <root url="jar://$MAVEN_REPOSITORY$/org/apache/logging/log4j/log4j-core/2.13.1/log4j-core-2.13.1-sources.jar!/" />
        <root url="jar://$MAVEN_REPOSITORY$/org/apache/logging/log4j/log4j-api/2.13.1/log4j-api-2.13.1-sources.jar!/" />
      </SOURCES>
    </library>
    <library name="org.apache.zookeeper:zookeeper:3.6.0" type="repository">
      <properties maven-id="org.apache.zookeeper:zookeeper:3.6.0" />
      <CLASSES>
        <root url="jar://$MAVEN_REPOSITORY$/org/apache/zookeeper/zookeeper/3.6.0/zookeeper-3.6.0.jar!/" />
        <root url="jar://$MAVEN_REPOSITORY$/commons-lang/commons-lang/2.6/commons-lang-2.6.jar!/" />
        <root url="jar://$MAVEN_REPOSITORY$/org/apache/zookeeper/zookeeper-jute/3.6.0/zookeeper-jute-3.6.0.jar!/" />
        <root url="jar://$MAVEN_REPOSITORY$/org/apache/yetus/audience-annotations/0.5.0/audience-annotations-0.5.0.jar!/" />
        <root url="jar://$MAVEN_REPOSITORY$/io/netty/netty-handler/4.1.45.Final/netty-handler-4.1.45.Final.jar!/" />
        <root url="jar://$MAVEN_REPOSITORY$/io/netty/netty-common/4.1.45.Final/netty-common-4.1.45.Final.jar!/" />
        <root url="jar://$MAVEN_REPOSITORY$/io/netty/netty-buffer/4.1.45.Final/netty-buffer-4.1.45.Final.jar!/" />
        <root url="jar://$MAVEN_REPOSITORY$/io/netty/netty-transport/4.1.45.Final/netty-transport-4.1.45.Final.jar!/" />
        <root url="jar://$MAVEN_REPOSITORY$/io/netty/netty-resolver/4.1.45.Final/netty-resolver-4.1.45.Final.jar!/" />
        <root url="jar://$MAVEN_REPOSITORY$/io/netty/netty-codec/4.1.45.Final/netty-codec-4.1.45.Final.jar!/" />
        <root url="jar://$MAVEN_REPOSITORY$/io/netty/netty-transport-native-epoll/4.1.45.Final/netty-transport-native-epoll-4.1.45.Final.jar!/" />
        <root url="jar://$MAVEN_REPOSITORY$/io/netty/netty-transport-native-unix-common/4.1.45.Final/netty-transport-native-unix-common-4.1.45.Final.jar!/" />
        <root url="jar://$MAVEN_REPOSITORY$/org/slf4j/slf4j-api/1.7.25/slf4j-api-1.7.25.jar!/" />
        <root url="jar://$MAVEN_REPOSITORY$/org/slf4j/slf4j-log4j12/1.7.25/slf4j-log4j12-1.7.25.jar!/" />
        <root url="jar://$MAVEN_REPOSITORY$/log4j/log4j/1.2.17/log4j-1.2.17.jar!/" />
      </CLASSES>
      <JAVADOC />
      <SOURCES>
        <root url="jar://$MAVEN_REPOSITORY$/org/apache/zookeeper/zookeeper/3.6.0/zookeeper-3.6.0-sources.jar!/" />
        <root url="jar://$MAVEN_REPOSITORY$/commons-lang/commons-lang/2.6/commons-lang-2.6-sources.jar!/" />
        <root url="jar://$MAVEN_REPOSITORY$/org/apache/zookeeper/zookeeper-jute/3.6.0/zookeeper-jute-3.6.0-sources.jar!/" />
        <root url="jar://$MAVEN_REPOSITORY$/org/apache/yetus/audience-annotations/0.5.0/audience-annotations-0.5.0-sources.jar!/" />
        <root url="jar://$MAVEN_REPOSITORY$/io/netty/netty-handler/4.1.45.Final/netty-handler-4.1.45.Final-sources.jar!/" />
        <root url="jar://$MAVEN_REPOSITORY$/io/netty/netty-common/4.1.45.Final/netty-common-4.1.45.Final-sources.jar!/" />
        <root url="jar://$MAVEN_REPOSITORY$/io/netty/netty-buffer/4.1.45.Final/netty-buffer-4.1.45.Final-sources.jar!/" />
        <root url="jar://$MAVEN_REPOSITORY$/io/netty/netty-transport/4.1.45.Final/netty-transport-4.1.45.Final-sources.jar!/" />
        <root url="jar://$MAVEN_REPOSITORY$/io/netty/netty-resolver/4.1.45.Final/netty-resolver-4.1.45.Final-sources.jar!/" />
        <root url="jar://$MAVEN_REPOSITORY$/io/netty/netty-codec/4.1.45.Final/netty-codec-4.1.45.Final-sources.jar!/" />
        <root url="jar://$MAVEN_REPOSITORY$/io/netty/netty-transport-native-epoll/4.1.45.Final/netty-transport-native-epoll-4.1.45.Final-sources.jar!/" />
        <root url="jar://$MAVEN_REPOSITORY$/io/netty/netty-transport-native-unix-common/4.1.45.Final/netty-transport-native-unix-common-4.1.45.Final-sources.jar!/" />
        <root url="jar://$MAVEN_REPOSITORY$/org/slf4j/slf4j-api/1.7.25/slf4j-api-1.7.25-sources.jar!/" />
        <root url="jar://$MAVEN_REPOSITORY$/org/slf4j/slf4j-log4j12/1.7.25/slf4j-log4j12-1.7.25-sources.jar!/" />
        <root url="jar://$MAVEN_REPOSITORY$/log4j/log4j/1.2.17/log4j-1.2.17-sources.jar!/" />
      </SOURCES>
    </library>
    <library name="org.slf4j:slf4j-api:1.7.30" type="repository">
      <properties maven-id="org.slf4j:slf4j-api:1.7.30" />
      <CLASSES>
        <root url="jar://$MAVEN_REPOSITORY$/org/slf4j/slf4j-api/1.7.30/slf4j-api-1.7.30.jar!/" />
      </CLASSES>
      <JAVADOC />
      <SOURCES>
        <root url="jar://$MAVEN_REPOSITORY$/org/slf4j/slf4j-api/1.7.30/slf4j-api-1.7.30-sources.jar!/" />
      </SOURCES>
    </library>
    <library name="org.slf4j:slf4j-jdk14:1.7.30" type="repository">
      <properties maven-id="org.slf4j:slf4j-jdk14:1.7.30" />
      <CLASSES>
        <root url="jar://$MAVEN_REPOSITORY$/org/slf4j/slf4j-jdk14/1.7.30/slf4j-jdk14-1.7.30.jar!/" />
        <root url="jar://$MAVEN_REPOSITORY$/org/slf4j/slf4j-api/1.7.30/slf4j-api-1.7.30.jar!/" />
      </CLASSES>
      <JAVADOC />
      <SOURCES>
        <root url="jar://$MAVEN_REPOSITORY$/org/slf4j/slf4j-jdk14/1.7.30/slf4j-jdk14-1.7.30-sources.jar!/" />
        <root url="jar://$MAVEN_REPOSITORY$/org/slf4j/slf4j-api/1.7.30/slf4j-api-1.7.30-sources.jar!/" />
      </SOURCES>
    </library>
    <library name="Simple Logging Facade for Java:1.7.30" type="repository">
      <properties maven-id="org.slf4j:slf4j-simple:1.7.30" />
      <CLASSES>
        <root url="jar://$MAVEN_REPOSITORY$/org/slf4j/slf4j-simple/1.7.30/slf4j-simple-1.7.30.jar!/" />
        <root url="jar://$MAVEN_REPOSITORY$/org/slf4j/slf4j-api/1.7.30/slf4j-api-1.7.30.jar!/" />
      </CLASSES>
      <JAVADOC />
      <SOURCES>
        <root url="jar://$MAVEN_REPOSITORY$/org/slf4j/slf4j-simple/1.7.30/slf4j-simple-1.7.30-sources.jar!/" />
        <root url="jar://$MAVEN_REPOSITORY$/org/slf4j/slf4j-api/1.7.30/slf4j-api-1.7.30-sources.jar!/" />
      </SOURCES>
    </library>
    <library name="tomcat">
      <CLASSES>
        <root url="file://D:/devapps/apache-tomcat-9.0.30-windows-x64/apache-tomcat-9.0.30/bin" />
        <root url="file://D:/devapps/apache-tomcat-9.0.30-windows-x64/apache-tomcat-9.0.30/lib" />
      </CLASSES>
      <JAVADOC />
      <NATIVE>
        <root url="file://D:/devapps/apache-tomcat-9.0.30-windows-x64/apache-tomcat-9.0.30/bin" />
      </NATIVE>
      <SOURCES>
        <root url="jar://D:/devapps/apache-tomcat-9.0.30-windows-x64/apache-tomcat-9.0.30-src.zip!/apache-tomcat-9.0.30-src/java" />
        <root url="jar://D:/devapps/apache-tomcat-9.0.30-windows-x64/apache-tomcat-9.0.30-src.zip!/apache-tomcat-9.0.30-src/modules/jdbc-pool/src/main/java" />
        <root url="jar://D:/devapps/apache-tomcat-9.0.30-windows-x64/apache-tomcat-9.0.30-src.zip!/apache-tomcat-9.0.30-src/modules/jdbc-pool/src/test/java" />
        <root url="jar://D:/devapps/apache-tomcat-9.0.30-windows-x64/apache-tomcat-9.0.30-src.zip!/apache-tomcat-9.0.30-src/test" />
        <root url="jar://D:/devapps/apache-tomcat-9.0.30-windows-x64/apache-tomcat-9.0.30-src.zip!/apache-tomcat-9.0.30-src/webapps/docs/appdev/sample/src" />
        <root url="jar://D:/devapps/apache-tomcat-9.0.30-windows-x64/apache-tomcat-9.0.30-src.zip!/apache-tomcat-9.0.30-src/webapps/examples/WEB-INF/classes" />
        <root url="jar://D:/devapps/apache-tomcat-9.0.30-windows-x64/apache-tomcat-9.0.30-src.zip!/apache-tomcat-9.0.30-src/webapps/examples/WEB-INF/jsp/applet" />
        <root url="jar://D:/devapps/apache-tomcat-9.0.30-windows-x64/apache-tomcat-9.0.30-src.zip!/apache-tomcat-9.0.30-src/webapps/examples/jsp/plugin/applet" />
      </SOURCES>
      <jarDirectory url="file://D:/devapps/apache-tomcat-9.0.30-windows-x64/apache-tomcat-9.0.30/bin" recursive="false" />
      <jarDirectory url="file://D:/devapps/apache-tomcat-9.0.30-windows-x64/apache-tomcat-9.0.30/lib" recursive="false" />
    </library>
    <library name="zookeeper-3.5.7">
      <CLASSES>
        <root url="jar://D:/devapps/apache-zookeeper-3.5.7-bin/lib/zookeeper-3.5.7.jar!/" />
        <root url="jar://D:/devapps/apache-zookeeper-3.5.7-bin/lib/zookeeper-jute-3.5.7.jar!/" />
      </CLASSES>
      <JAVADOC />
      <SOURCES />
    </library>
  </component>
</application>